Year,name,norm,code
1988,netherlands antilles,16786,ANT
1989,netherlands antilles,16130,ANT
1990,netherlands antilles,14816,ANT
1991,netherlands antilles,14768,ANT
1992,netherlands antilles,15285,ANT
1993,netherlands antilles,15771,ANT
1994,czech republic,27745,CZE
1994,denmark,20072,DNK
1994,netherlands antilles,14840,ANT
1994,slovakia,27173,SVK
1994,thailand,8496,THA
1995,croatia,25071,HRV
1995,czech republic,27965,CZE
1995,denmark,19840,DNK
1995,japan,16528,JPN
1995,kuwait,18685,KWT
1995,malta,21436,MLT
1995,montserrat,20000,MSR
1995,netherlands antilles,13573,ANT
1995,qatar,17000,QAT
1995,republic of korea,13048,PRK
1995,slovakia,27447,SVK
1995,suriname,14136,SUR
1995,switzerland,20652,CHE
1995,thailand,8661,THA
1996,bermuda,21797,BMU
1996,brazil,13731,BRA
1996,british virgin islands,18181,VGB
1996,croatia,25194,HRV
1996,czech republic,27994,CZE
1996,denmark,18563,DNK
1996,dominican republic,15036,DOM
1996,finland,22419,FIN
1996,hungary,25843,HUN
1996,iceland,20596,ISL
1996,japan,16548,JPN
1996,kuwait,18494,KWT
1996,latvia,27766,LVA
1996,malta,22929,MLT
1996,montserrat,17187,MSR
1996,netherlands,18649,NLD
1996,netherlands antilles,17280,ANT
1996,norway,22197,NOR
1996,paraguay,15893,PRY
1996,republic of korea,12214,PRK
1996,republic of moldova,24927,MDA
1996,saint lucia,17738,LCA
1996,slovakia,27173,SVK
1996,south africa,10389,ZAF
1996,suriname,14824,SUR
1996,switzerland,20557,CHE
1996,thailand,9202,THA
1996,turks and caicos islands,22535,TCA
1996,venezuela,15540,VEN
1997,argentina,17257,ARG
1997,bahrain,17069,BHR
1997,belize,12851,BLZ
1997,bermuda,18665,BMU
1997,brazil,13814,BRA
1997,british virgin islands,21808,VGB
1997,chile,13201,CHL
1997,colombia,14016,COL
1997,costa rica,14330,CRI
1997,croatia,25168,HRV
1997,czech republic,28087,CZE
1997,denmark,18457,DNK
1997,dominican republic,14950,DOM
1997,ecuador,10104,ECU
1997,el salvador,6543,SLV
1997,estonia,27100,EST
1997,finland,22051,FIN
1997,haiti,5615,HTI
1997,hungary,25570,HUN
1997,iceland,20564,ISL
1997,japan,16260,JPN
1997,kuwait,19056,KWT
1997,latvia,27766,LVA
1997,malta,22991,MLT
1997,montserrat,21875,MSR
1997,netherlands,18322,NLD
1997,netherlands antilles,17305,ANT
1997,nicaragua,11612,NIC
1997,norway,21861,NOR
1997,paraguay,11744,PRY
1997,republic of korea,11580,PRK
1997,republic of moldova,26484,MDA
1997,saint lucia,18312,LCA
1997,"serbia and montenegro, former",28395,SCG
1997,slovakia,27325,SVK
1997,slovenia,19877,SVL
1997,south africa,9285,ZAF
1997,suriname,14550,SUR
1997,sweden,24112,SWE
1997,switzerland,20669,CHE
1997,thailand,9817,THA
1997,turks and caicos islands,15000,TCA
1997,uruguay,17388,URY
1997,venezuela,15518,VEN
1998,antigua and barbuda,20066,ATG
1998,argentina,17136,ARG
1998,australia,20360,AUS
1998,bahrain,13820,BHR
1998,belgium,17994,BEL
1998,belize,12925,BLZ
1998,bermuda,18786,BMU
1998,brazil,13797,BRA
1998,british virgin islands,15882,VGB
1998,cayman islands,19230,CYM
1998,chile,13728,CHL
1998,colombia,13416,COL
1998,costa rica,14362,CRI
1998,croatia,25832,HRV
1998,czech republic,27571,CZE
1998,denmark,18314,DNK
1998,dominican republic,15517,DOM
1998,ecuador,10940,ECU
1998,el salvador,6881,SLV
1998,estonia,27306,EST
1998,finland,21879,FIN
1998,georgia,35446,GEO
1998,germany,24132,DEU
1998,hungary,25698,HUN
1998,iceland,20318,ISL
1998,israel,17909,ISR
1998,japan,15999,JPN
1998,kuwait,20225,KWT
1998,latvia,27766,LVA
1998,lithuania,27342,LTU
1998,luxembourg,20371,LUX
1998,malta,21911,MLT
1998,mexico,11212,MEX
1998,montserrat,14912,MSR
1998,netherlands,18120,NLD
1998,netherlands antilles,17068,ANT
1998,nicaragua,10417,NIC
1998,norway,21803,NOR
1998,panama,12573,PAN
1998,paraguay,12966,PRY
1998,republic of korea,11821,PRK
1998,republic of moldova,26335,MDA
1998,saint kitts and nevis,17926,KNA
1998,saint lucia,17875,LCA
1998,serbia,28848,SRB
1998,"serbia and montenegro, former",28469,SCG
1998,slovakia,27906,SVK
1998,slovenia,20712,SVL
1998,south africa,8844,ZAF
1998,suriname,15630,SUR
1998,sweden,24025,SWE
1998,switzerland,20332,CHE
1998,thailand,8433,THA
1998,turks and caicos islands,15555,TCA
1998,uruguay,17512,URY
1998,venezuela,15495,VEN
1999,antigua and barbuda,19200,ATG
1999,argentina,17083,ARG
1999,aruba,18659,ABW
1999,australia,20011,AUS
1999,bahamas,13777,BHS
1999,bahrain,14713,BHR
1999,belgium,17697,BEL
1999,belize,12657,BLZ
1999,bermuda,19469,BMU
1999,brazil,13698,BRA
1999,british virgin islands,19801,VGB
1999,cayman islands,21484,CYM
1999,chile,13861,CHL
1999,colombia,13703,COL
1999,costa rica,15207,CRI
1999,croatia,26057,HRV
1999,czech republic,27460,CZE
1999,denmark,18271,DNK
1999,dominican republic,15142,DOM
1999,ecuador,11154,ECU
1999,el salvador,9680,SLV
1999,estonia,27376,EST
1999,finland,21775,FIN
1999,georgia,35568,GEO
1999,germany,23993,DEU
1999,haiti,4145,HTI
1999,hungary,25603,HUN
1999,iceland,20831,ISL
1999,israel,15602,ISR
1999,japan,15752,JPN
1999,kiribati,7477,KIR
1999,kuwait,20461,KWT
1999,latvia,27606,LVA
1999,lithuania,27376,LTU
1999,luxembourg,20293,LUX
1999,malta,23926,MLT
1999,mexico,11109,MEX
1999,montserrat,15254,MSR
1999,netherlands,17650,NLD
1999,netherlands antilles,16224,ANT
1999,nicaragua,11709,NIC
1999,norway,21323,NOR
1999,panama,12854,PAN
1999,paraguay,12466,PRY
1999,peru,7009,PER
1999,philippines,14482,PHL
1999,poland,23789,POL
1999,puerto rico,15301,PRI
1999,republic of korea,11671,PRK
1999,republic of moldova,27506,MDA
1999,romania,31197,ROU
1999,saint kitts and nevis,20588,KNA
1999,saint lucia,18462,LCA
1999,serbia,28588,SRB
1999,"serbia and montenegro, former",28328,SCG
1999,slovakia,27285,SVK
1999,slovenia,20299,SVL
1999,south africa,8654,ZAF
1999,spain,17754,ESP
1999,suriname,14137,SUR
1999,sweden,23430,SWE
1999,switzerland,20359,CHE
1999,thailand,5830,THA
1999,trinidad and tobago,19292,TTO
1999,turks and caicos islands,16250,TCA
1999,united states of america,19953,USA
1999,uruguay,16878,URY
1999,venezuela,15311,VEN
1999,virgin islands (usa),18057,VIR
2000,anguilla,23611,AIA
2000,antigua and barbuda,16831,ATG
2000,argentina,16508,ARG
2000,aruba,24230,ABW
2000,australia,19347,AUS
2000,bahamas,14092,BHS
2000,bahrain,13207,BHR
2000,barbados,16858,BRB
2000,belgium,18147,BEL
2000,belize,20273,BLZ
2000,bermuda,20900,BMU
2000,bolivia,3861,BOL
2000,brazil,13765,BRA
2000,british virgin islands,16489,VGB
2000,canada,17523,CAN
2000,cayman islands,20072,CYM
2000,chile,13928,CHL
2000,colombia,13778,COL
2000,costa rica,15855,CRI
2000,croatia,26581,HRV
2000,czech republic,26693,CZE
2000,denmark,17995,DNK
2000,dominican republic,14119,DOM
2000,ecuador,11031,ECU
2000,egypt,19124,EGY
2000,el salvador,9823,SLV
2000,estonia,27120,EST
2000,finland,21695,FIN
2000,france,15250,FRA
2000,georgia,35970,GEO
2000,germany,23548,DEU
2000,guadeloupe,14510,GLP
2000,hungary,25395,HUN
2000,iceland,19611,ISL
2000,israel,15666,ISR
2000,jamaica,15672,JAM
2000,japan,15511,JPN
2000,kiribati,5860,KIR
2000,kuwait,19978,KWT
2000,kyrgyzstan,22585,KGZ
2000,latvia,27737,LVA
2000,lithuania,26889,LTU
2000,luxembourg,19514,LUX
2000,malaysia,13919,MYS
2000,maldives,2208,MDV
2000,malta,23343,MLT
2000,martinique,15768,MTQ
2000,mexico,11156,MEX
2000,montenegro,26903,MNE
2000,montserrat,12500,MSR
2000,morocco,8928,MAR
2000,netherlands,17502,NLD
2000,netherlands antilles,17972,ANT
2000,new zealand,20435,NZL
2000,nicaragua,12479,NIC
2000,norway,20663,NOR
2000,panama,12635,PAN
2000,paraguay,11882,PRY
2000,peru,8237,PER
2000,philippines,14810,PHL
2000,poland,23830,POL
2000,puerto rico,14655,PRI
2000,republic of korea,11824,PRK
2000,republic of moldova,27893,MDA
2000,romania,30765,ROU
2000,saint kitts and nevis,21763,KNA
2000,saint lucia,15525,LCA
2000,saint vincent and grenadines,15335,VCT
2000,serbia,27920,SRB
2000,"serbia and montenegro, former",27942,SCG
2000,slovakia,27390,SVK
2000,slovenia,20185,SVL
2000,south africa,8499,ZAF
2000,spain,17442,ESP
2000,suriname,14755,SUR
2000,sweden,23138,SWE
2000,switzerland,19913,CHE
2000,thailand,4421,THA
2000,trinidad and tobago,18558,TTO
2000,turks and caicos islands,16417,TCA
2000,"united kingdom, scotland",20464,GBR
2000,united states of america,19587,USA
2000,uruguay,16819,URY
2000,venezuela,15119,VEN
2000,virgin islands (usa),20904,VIR
2001,anguilla,20192,AIA
2001,antigua and barbuda,16991,ATG
2001,argentina,16432,ARG
2001,aruba,15138,ABW
2001,australia,19250,AUS
2001,bahamas,14498,BHS
2001,bahrain,14249,BHR
2001,barbados,16384,BRB
2001,belgium,17851,BEL
2001,belize,11498,BLZ
2001,bermuda,20134,BMU
2001,bolivia,4097,BOL
2001,brazil,13697,BRA
2001,british virgin islands,18556,VGB
2001,canada,17039,CAN
2001,cayman islands,19402,CYM
2001,chile,13841,CHL
2001,colombia,13360,COL
2001,costa rica,15644,CRI
2001,croatia,26781,HRV
2001,cuba,20903,CUB
2001,czech republic,26636,CZE
2001,denmark,18108,DNK
2001,dominica,17450,DMA
2001,dominican republic,14031,DOM
2001,ecuador,11183,ECU
2001,egypt,19814,EGY
2001,el salvador,9396,SLV
2001,estonia,26793,EST
2001,fiji,24609,FJI
2001,finland,21428,FIN
2001,france,15078,FRA
2001,french guiana,9015,GUF
2001,georgia,36016,GEO
2001,germany,23639,DEU
2001,grenada,17161,GRD
2001,guadeloupe,14551,GLP
2001,guyana,15446,GUY
2001,haiti,6511,HTI
2001,hong kong sar,12682,HKG
2001,hungary,25503,HUN
2001,iceland,19768,ISL
2001,israel,15549,ISR
2001,jamaica,14220,JAM
2001,japan,15464,JPN
2001,kiribati,6461,KIR
2001,kuwait,20073,KWT
2001,kyrgyzstan,23342,KGZ
2001,latvia,27943,LVA
2001,lithuania,27066,LTU
2001,luxembourg,19793,LUX
2001,malaysia,13957,MYS
2001,maldives,15388,MDV
2001,malta,21856,MLT
2001,martinique,14679,MTQ
2001,mexico,11250,MEX
2001,montenegro,26440,MNE
2001,montserrat,18000,MSR
2001,morocco,9047,MAR
2001,netherlands,16969,NLD
2001,new zealand,20317,NZL
2001,nicaragua,12608,NIC
2001,norway,20315,NOR
2001,panama,13104,PAN
2001,paraguay,11809,PRY
2001,peru,9046,PER
2001,philippines,15195,PHL
2001,poland,23926,POL
2001,puerto rico,15050,PRI
2001,qatar,18801,QAT
2001,republic of korea,11911,PRK
2001,republic of moldova,28000,MDA
2001,reunion,15182,REU
2001,romania,30669,ROU
2001,saint kitts and nevis,23333,KNA
2001,saint lucia,14747,LCA
2001,saint vincent and grenadines,16291,VCT
2001,serbia,27647,SRB
2001,"serbia and montenegro, former",27585,SCG
2001,slovakia,27513,SVK
2001,slovenia,19494,SVL
2001,south africa,8051,ZAF
2001,spain,17269,ESP
2001,suriname,14007,SUR
2001,sweden,22756,SWE
2001,switzerland,19702,CHE
2001,trinidad and tobago,18250,TTO
2001,turks and caicos islands,13793,TCA
2001,united kingdom,19919,GBR
2001,"united kingdom, england and wales",19933,GBR
2001,"united kingdom, northern ireland",20081,GBR
2001,"united kingdom, scotland",19750,GBR
2001,united states of america,19181,USA
2001,uruguay,16776,URY
2001,venezuela,15235,VEN
2001,virgin islands (usa),18760,VIR
2002,anguilla,15789,AIA
2002,antigua and barbuda,16554,ATG
2002,argentina,16291,ARG
2002,aruba,17251,ABW
2002,australia,18781,AUS
2002,austria,24238,AUT
2002,bahamas,15489,BHS
2002,bahrain,14250,BHR
2002,barbados,15803,BRB
2002,belgium,17695,BEL
2002,belize,11721,BLZ
2002,bermuda,15909,BMU
2002,bolivia,4948,BOL
2002,brazil,13607,BRA
2002,british virgin islands,20526,VGB
2002,canada,16687,CAN
2002,cayman islands,19166,CYM
2002,chile,13845,CHL
2002,colombia,13450,COL
2002,costa rica,15052,CRI
2002,croatia,26397,HRV
2002,cuba,20619,CUB
2002,czech republic,26399,CZE
2002,denmark,17506,DNK
2002,dominica,16666,DMA
2002,dominican republic,14187,DOM
2002,ecuador,11596,ECU
2002,egypt,20426,EGY
2002,el salvador,9775,SLV
2002,estonia,27194,EST
2002,fiji,21747,FJI
2002,finland,21394,FIN
2002,france,14771,FRA
2002,french guiana,11210,GUF
2002,germany,23392,DEU
2002,grenada,17736,GRD
2002,guadeloupe,15027,GLP
2002,guyana,15230,GUY
2002,haiti,7822,HTI
2002,hong kong sar,12969,HKG
2002,hungary,25530,HUN
2002,iceland,20444,ISL
2002,israel,14974,ISR
2002,jamaica,13416,JAM
2002,japan,15426,JPN
2002,kuwait,19702,KWT
2002,kyrgyzstan,23814,KGZ
2002,latvia,27984,LVA
2002,lithuania,27185,LTU
2002,luxembourg,19608,LUX
2002,malaysia,13754,MYS
2002,maldives,14279,MDV
2002,malta,22038,MLT
2002,martinique,15251,MTQ
2002,mexico,11350,MEX
2002,montenegro,24541,MNE
2002,montserrat,19318,MSR
2002,morocco,8792,MAR
2002,netherlands,16856,NLD
2002,new zealand,20106,NZL
2002,nicaragua,12714,NIC
2002,norway,19866,NOR
2002,panama,13043,PAN
2002,paraguay,10922,PRY
2002,peru,8968,PER
2002,philippines,15107,PHL
2002,poland,23547,POL
2002,portugal,19215,PRT
2002,puerto rico,14510,PRI
2002,republic of korea,12485,PRK
2002,republic of moldova,28336,MDA
2002,reunion,15158,REU
2002,romania,31030,ROU
2002,saint kitts and nevis,21813,KNA
2002,saint lucia,13510,LCA
2002,saint vincent and grenadines,16535,VCT
2002,serbia,27608,SRB
2002,"serbia and montenegro, former",27452,SCG
2002,slovakia,27162,SVK
2002,slovenia,19164,SVL
2002,south africa,7658,ZAF
2002,spain,17063,ESP
2002,suriname,14868,SUR
2002,sweden,22289,SWE
2002,switzerland,19215,CHE
2002,thailand,4320,THA
2002,trinidad and tobago,18469,TTO
2002,turks and caicos islands,12790,TCA
2002,united kingdom,19598,GBR
2002,"united kingdom, england and wales",19605,GBR
2002,"united kingdom, northern ireland",19635,GBR
2002,"united kingdom, scotland",19523,GBR
2002,united states of america,18894,USA
2002,uruguay,16443,URY
2002,venezuela,14756,VEN
2002,virgin islands (usa),19286,VIR
2003,anguilla,14285,AIA
2003,antigua and barbuda,20399,ATG
2003,argentina,15740,ARG
2003,aruba,17786,ABW
2003,australia,18440,AUS
2003,austria,22610,AUT
2003,bahamas,15281,BHS
2003,bahrain,15567,BHR
2003,barbados,15955,BRB
2003,belgium,17450,BEL
2003,belize,12725,BLZ
2003,bermuda,15148,BMU
2003,bolivia,5075,BOL
2003,brazil,13671,BRA
2003,british virgin islands,18269,VGB
2003,canada,16415,CAN
2003,cayman islands,16911,CYM
2003,chile,14204,CHL
2003,colombia,14094,COL
2003,costa rica,14218,CRI
2003,croatia,26506,HRV
2003,cuba,20426,CUB
2003,czech republic,26087,CZE
2003,denmark,17286,DNK
2003,dominica,16427,DMA
2003,dominican republic,14996,DOM
2003,ecuador,11791,ECU
2003,egypt,20438,EGY
2003,el salvador,9528,SLV
2003,estonia,27412,EST
2003,fiji,20152,FJI
2003,finland,21184,FIN
2003,france,14466,FRA
2003,french guiana,11095,GUF
2003,germany,23222,DEU
2003,grenada,16748,GRD
2003,guadeloupe,14669,GLP
2003,guyana,16937,GUY
2003,haiti,8806,HTI
2003,hong kong sar,13226,HKG
2003,hungary,25419,HUN
2003,iceland,20016,ISL
2003,israel,14724,ISR
2003,italy,20526,ITA
2003,jamaica,15716,JAM
2003,japan,15389,JPN
2003,kuwait,20445,KWT
2003,kyrgyzstan,23556,KGZ
2003,latvia,28062,LVA
2003,lithuania,27195,LTU
2003,luxembourg,19618,LUX
2003,malaysia,13219,MYS
2003,maldives,20974,MDV
2003,malta,21728,MLT
2003,martinique,14649,MTQ
2003,mexico,11426,MEX
2003,montenegro,25184,MNE
2003,montserrat,16363,MSR
2003,morocco,9027,MAR
2003,netherlands,16536,NLD
2003,new zealand,19748,NZL
2003,nicaragua,12940,NIC
2003,norway,19533,NOR
2003,panama,13069,PAN
2003,paraguay,10703,PRY
2003,peru,9142,PER
2003,philippines,15083,PHL
2003,poland,23586,POL
2003,portugal,18797,PRT
2003,puerto rico,14619,PRI
2003,republic of korea,12269,PRK
2003,republic of moldova,28491,MDA
2003,reunion,14872,REU
2003,romania,31065,ROU
2003,saint kitts and nevis,22237,KNA
2003,saint lucia,15711,LCA
2003,saint vincent and grenadines,16795,VCT
2003,serbia,27598,SRB
2003,slovakia,26934,SVK
2003,slovenia,18860,SVL
2003,south africa,7439,ZAF
2003,spain,16862,ESP
2003,suriname,15968,SUR
2003,sweden,22163,SWE
2003,switzerland,18942,CHE
2003,thailand,5218,THA
2003,trinidad and tobago,18131,TTO
2003,turks and caicos islands,14516,TCA
2003,united kingdom,19049,GBR
2003,"united kingdom, england and wales",19071,GBR
2003,"united kingdom, northern ireland",18835,GBR
2003,"united kingdom, scotland",18899,GBR
2003,united states of america,18526,USA
2003,uruguay,16789,URY
2003,venezuela,14579,VEN
2003,virgin islands (usa),18858,VIR
2004,anguilla,14583,AIA
2004,antigua and barbuda,17123,ATG
2004,argentina,15473,ARG
2004,aruba,18137,ABW
2004,australia,17966,AUS
2004,austria,21863,AUT
2004,bahamas,17190,BHS
2004,bahrain,13428,BHR
2004,barbados,14437,BRB
2004,belgium,17433,BEL
2004,belize,11825,BLZ
2004,bermuda,19471,BMU
2004,brazil,13941,BRA
2004,british virgin islands,16806,VGB
2004,canada,16052,CAN
2004,cayman islands,14506,CYM
2004,chile,14086,CHL
2004,colombia,14365,COL
2004,costa rica,14509,CRI
2004,croatia,25081,HRV
2004,cuba,20222,CUB
2004,cyprus,19263,CYP
2004,czech republic,25678,CZE
2004,denmark,16659,DNK
2004,dominica,17594,DMA
2004,dominican republic,15212,DOM
2004,ecuador,11070,ECU
2004,egypt,21752,EGY
2004,el salvador,9170,SLV
2004,estonia,26581,EST
2004,fiji,19367,FJI
2004,finland,20685,FIN
2004,france,14459,FRA
2004,french guiana,9318,GUF
2004,georgia,32218,GEO
2004,germany,22515,DEU
2004,grenada,17713,GRD
2004,guadeloupe,15587,GLP
2004,guyana,17311,GUY
2004,haiti,9787,HTI
2004,hong kong sar,13592,HKG
2004,hungary,25346,HUN
2004,iceland,20065,ISL
2004,israel,14606,ISR
2004,italy,20027,ITA
2004,jamaica,16972,JAM
2004,japan,15112,JPN
2004,kuwait,20070,KWT
2004,kyrgyzstan,23096,KGZ
2004,latvia,27926,LVA
2004,lithuania,27250,LTU
2004,luxembourg,19494,LUX
2004,malaysia,12962,MYS
2004,maldives,9182,MDV
2004,malta,20923,MLT
2004,martinique,14884,MTQ
2004,mexico,11375,MEX
2004,montenegro,25929,MNE
2004,montserrat,23214,MSR
2004,morocco,9137,MAR
2004,netherlands,16344,NLD
2004,new zealand,19718,NZL
2004,nicaragua,12930,NIC
2004,norway,19223,NOR
2004,panama,13481,PAN
2004,paraguay,12069,PRY
2004,peru,9061,PER
2004,poland,23199,POL
2004,puerto rico,14345,PRI
2004,qatar,9428,QAT
2004,republic of korea,11899,PRK
2004,republic of moldova,28265,MDA
2004,reunion,15708,REU
2004,romania,30756,ROU
2004,saint kitts and nevis,20454,KNA
2004,saint lucia,13691,LCA
2004,saint vincent and grenadines,14904,VCT
2004,serbia,27256,SRB
2004,slovakia,27047,SVK
2004,slovenia,19195,SVL
2004,south africa,6965,ZAF
2004,spain,16651,ESP
2004,sri lanka,11686,LKA
2004,suriname,16337,SUR
2004,sweden,21439,SWE
2004,switzerland,18653,CHE
2004,thailand,5024,THA
2004,trinidad and tobago,17823,TTO
2004,turks and caicos islands,13636,TCA
2004,united kingdom,18544,GBR
2004,"united kingdom, england and wales",18549,GBR
2004,"united kingdom, northern ireland",18364,GBR
2004,"united kingdom, scotland",18542,GBR
2004,united states of america,18056,USA
2004,uruguay,16503,URY
2004,uzbekistan,27337,UZB
2004,venezuela,14897,VEN
2004,virgin islands (usa),18690,VIR
2005,anguilla,11607,AIA
2005,antigua and barbuda,19529,ATG
2005,argentina,15273,ARG
2005,aruba,14154,ABW
2005,austria,21702,AUT
2005,bahamas,16310,BHS
2005,bahrain,11896,BHR
2005,barbados,14043,BRB
2005,belgium,16806,BEL
2005,belize,11468,BLZ
2005,bermuda,17780,BMU
2005,brazil,14099,BRA
2005,bulgaria,33046,BGR
2005,canada,15588,CAN
2005,cayman islands,16772,CYM
2005,chile,14105,CHL
2005,colombia,14778,COL
2005,costa rica,14646,CRI
2005,croatia,25129,HRV
2005,cuba,20510,CUB
2005,cyprus,19585,CYP
2005,czech republic,25549,CZE
2005,denmark,16119,DNK
2005,dominica,16053,DMA
2005,dominican republic,15724,DOM
2005,ecuador,11221,ECU
2005,egypt,22359,EGY
2005,el salvador,8932,SLV
2005,estonia,26654,EST
2005,fiji,19884,FJI
2005,finland,20694,FIN
2005,france,14202,FRA
2005,french guiana,10270,GUF
2005,georgia,33750,GEO
2005,germany,22124,DEU
2005,grenada,18860,GRD
2005,guadeloupe,14742,GLP
2005,guatemala,6161,GTM
2005,guyana,16762,GUY
2005,hong kong sar,13103,HKG
2005,hungary,26131,HUN
2005,iceland,17855,ISL
2005,israel,14298,ISR
2005,italy,20079,ITA
2005,jamaica,13139,JAM
2005,japan,15200,JPN
2005,kuwait,20401,KWT
2005,kyrgyzstan,23669,KGZ
2005,latvia,27572,LVA
2005,lithuania,27195,LTU
2005,luxembourg,19692,LUX
2005,malaysia,13190,MYS
2005,maldives,2914,MDV
2005,malta,22172,MLT
2005,martinique,13202,MTQ
2005,mauritius,18665,MUS
2005,mexico,11308,MEX
2005,montenegro,26425,MNE
2005,montserrat,24576,MSR
2005,netherlands,15890,NLD
2005,new zealand,19352,NZL
2005,nicaragua,12541,NIC
2005,norway,17662,NOR
2005,panama,14365,PAN
2005,paraguay,12179,PRY
2005,peru,9376,PER
2005,poland,22839,POL
2005,puerto rico,14117,PRI
2005,qatar,10019,QAT
2005,republic of korea,11534,PRK
2005,republic of moldova,28156,MDA
2005,reunion,15051,REU
2005,rodrigues,20982,MU-RO
2005,romania,31094,ROU
2005,saint kitts and nevis,18679,KNA
2005,saint lucia,16402,LCA
2005,saint pierre and miquelon,19811,SPM
2005,saint vincent and grenadines,16871,VCT
2005,serbia,28417,SRB
2005,slovakia,27161,SVK
2005,slovenia,20313,SVL
2005,south africa,6648,ZAF
2005,spain,16381,ESP
2005,sri lanka,10491,LKA
2005,suriname,16767,SUR
2005,sweden,21040,SWE
2005,switzerland,18700,CHE
2005,thailand,4650,THA
2005,trinidad and tobago,17339,TTO
2005,turks and caicos islands,13207,TCA
2005,united kingdom,17902,GBR
2005,"united kingdom, england and wales",17901,GBR
2005,"united kingdom, northern ireland",17582,GBR
2005,"united kingdom, scotland",17991,GBR
2005,united states of america,17582,USA
2005,uruguay,16182,URY
2005,uzbekistan,28137,UZB
2005,venezuela,15048,VEN
2005,virgin islands (usa),19683,VIR
2006,anguilla,11818,AIA
2006,antigua and barbuda,18143,ATG
2006,argentina,15334,ARG
2006,armenia,24974,ARM
2006,aruba,17264,ABW
2006,australia,17165,AUS
2006,austria,21864,AUT
2006,bahamas,15231,BHS
2006,bahrain,11415,BHR
2006,barbados,14982,BRB
2006,belgium,16431,BEL
2006,belize,11290,BLZ
2006,bermuda,20088,BMU
2006,brazil,14675,BRA
2006,british virgin islands,15822,VGB
2006,bulgaria,33204,BGR
2006,canada,15130,CAN
2006,cayman islands,12574,CYM
2006,chile,14063,CHL
2006,colombia,14984,COL
2006,costa rica,14422,CRI
2006,croatia,25418,HRV
2006,cuba,20221,CUB
2006,cyprus,19894,CYP
2006,czech republic,25162,CZE
2006,denmark,15367,DNK
2006,dominica,17717,DMA
2006,dominican republic,15920,DOM
2006,ecuador,11436,ECU
2006,egypt,22668,EGY
2006,el salvador,9158,SLV
2006,estonia,26527,EST
2006,fiji,18672,FJI
2006,finland,20766,FIN
2006,france,14095,FRA
2006,french guiana,9022,GUF
2006,georgia,33564,GEO
2006,germany,21844,DEU
2006,grenada,17361,GRD
2006,guadeloupe,14258,GLP
2006,guatemala,7018,GTM
2006,guyana,16885,GUY
2006,hong kong sar,12935,HKG
2006,hungary,25288,HUN
2006,iceland,18812,ISL
2006,israel,13905,ISR
2006,italy,19698,ITA
2006,jamaica,16605,JAM
2006,japan,14974,JPN
2006,kuwait,20945,KWT
2006,kyrgyzstan,23725,KGZ
2006,latvia,26768,LVA
2006,lithuania,27136,LTU
2006,luxembourg,19983,LUX
2006,malaysia,13092,MYS
2006,malta,21284,MLT
2006,martinique,13855,MTQ
2006,mauritius,17960,MUS
2006,mexico,11324,MEX
2006,montenegro,28401,MNE
2006,montserrat,24468,MSR
2006,netherlands,15409,NLD
2006,new zealand,19088,NZL
2006,nicaragua,12395,NIC
2006,north macedonia,29331,MKD
2006,norway,17765,NOR
2006,panama,13288,PAN
2006,paraguay,13388,PRY
2006,peru,9676,PER
2006,philippines,15708,PHL
2006,poland,22793,POL
2006,puerto rico,14114,PRI
2006,qatar,9207,QAT
2006,republic of korea,11575,PRK
2006,republic of moldova,27899,MDA
2006,reunion,14877,REU
2006,rodrigues,17959,MU-RO
2006,romania,31059,ROU
2006,saint kitts and nevis,18817,KNA
2006,saint lucia,15863,LCA
2006,saint pierre and miquelon,14583,SPM
2006,saint vincent and grenadines,16384,VCT
2006,serbia,28636,SRB
2006,slovakia,27399,SVK
2006,slovenia,19873,SVL
2006,south africa,6835,ZAF
2006,spain,16253,ESP
2006,sri lanka,12460,LKA
2006,suriname,15681,SUR
2006,sweden,21066,SWE
2006,switzerland,18572,CHE
2006,thailand,4358,THA
2006,trinidad and tobago,17575,TTO
2006,turks and caicos islands,14666,TCA
2006,united kingdom,17325,GBR
2006,"united kingdom, england and wales",17373,GBR
2006,"united kingdom, northern ireland",16787,GBR
2006,"united kingdom, scotland",17035,GBR
2006,united states of america,17057,USA
2006,uruguay,15773,URY
2006,venezuela,15110,VEN
2006,virgin islands (usa),17708,VIR
2007,antigua and barbuda,16425,ATG
2007,argentina,15113,ARG
2007,armenia,25165,ARM
2007,aruba,15018,ABW
2007,australia,17031,AUS
2007,austria,22019,AUT
2007,azerbaijan,27403,AZE
2007,bahamas,15656,BHS
2007,bahrain,13524,BHR
2007,barbados,15304,BRB
2007,belgium,16315,BEL
2007,belize,11675,BLZ
2007,bermuda,21923,BMU
2007,brazil,14719,BRA
2007,bulgaria,32910,BGR
2007,canada,14844,CAN
2007,cayman islands,16118,CYM
2007,chile,14030,CHL
2007,colombia,14988,COL
2007,costa rica,14763,CRI
2007,croatia,25307,HRV
2007,cuba,19922,CUB
2007,cyprus,19442,CYP
2007,czech republic,25069,CZE
2007,denmark,14509,DNK
2007,dominica,18165,DMA
2007,dominican republic,17120,DOM
2007,ecuador,11513,ECU
2007,egypt,22428,EGY
2007,el salvador,8743,SLV
2007,estonia,26012,EST
2007,fiji,17369,FJI
2007,finland,20687,FIN
2007,france,13954,FRA
2007,french guiana,9730,GUF
2007,georgia,33458,GEO
2007,germany,21681,DEU
2007,grenada,16511,GRD
2007,guadeloupe,13519,GLP
2007,guatemala,7724,GTM
2007,guyana,17697,GUY
2007,hong kong sar,13434,HKG
2007,hungary,25029,HUN
2007,iceland,17730,ISL
2007,ireland,17704,IRL
2007,israel,14148,ISR
2007,italy,19577,ITA
2007,japan,14773,JPN
2007,kuwait,19931,KWT
2007,kyrgyzstan,24123,KGZ
2007,latvia,27291,LVA
2007,lithuania,26638,LTU
2007,luxembourg,18518,LUX
2007,malaysia,13392,MYS
2007,maldives,18990,MDV
2007,malta,20331,MLT
2007,martinique,14026,MTQ
2007,mauritius,18184,MUS
2007,mexico,11632,MEX
2007,montenegro,27897,MNE
2007,montserrat,20454,MSR
2007,morocco,9458,MAR
2007,netherlands,15354,NLD
2007,new zealand,18324,NZL
2007,nicaragua,12956,NIC
2007,north macedonia,28853,MKD
2007,norway,17408,NOR
2007,panama,14116,PAN
2007,paraguay,12878,PRY
2007,peru,9596,PER
2007,philippines,16514,PHL
2007,poland,22714,POL
2007,portugal,16486,PRT
2007,puerto rico,13548,PRI
2007,qatar,7355,QAT
2007,republic of korea,11758,PRK
2007,republic of moldova,28081,MDA
2007,reunion,14179,REU
2007,rodrigues,17714,MU-RO
2007,romania,30662,ROU
2007,saint kitts and nevis,15797,KNA
2007,saint vincent and grenadines,18974,VCT
2007,serbia,28018,SRB
2007,slovakia,27138,SVK
2007,slovenia,20453,SVL
2007,south africa,6870,ZAF
2007,spain,16105,ESP
2007,sri lanka,12486,LKA
2007,suriname,14735,SUR
2007,sweden,20670,SWE
2007,switzerland,18508,CHE
2007,thailand,4417,THA
2007,trinidad and tobago,16626,TTO
2007,turks and caicos islands,15454,TCA
2007,united kingdom,16858,GBR
2007,"united kingdom, england and wales",16897,GBR
2007,"united kingdom, northern ireland",16513,GBR
2007,"united kingdom, scotland",16592,GBR
2007,united states of america,16715,USA
2007,uruguay,15658,URY
2007,venezuela,14804,VEN
2007,virgin islands (usa),19630,VIR
2008,anguilla,12500,AIA
2008,antigua and barbuda,17329,ATG
2008,argentina,14978,ARG
2008,armenia,24954,ARM
2008,aruba,14159,ABW
2008,australia,16906,AUS
2008,austria,21505,AUT
2008,bahamas,16756,BHS
2008,bahrain,12677,BHR
2008,barbados,15858,BRB
2008,belgium,15970,BEL
2008,belize,10795,BLZ
2008,bermuda,15952,BMU
2008,brazil,14735,BRA
2008,british virgin islands,16336,VGB
2008,bulgaria,32342,BGR
2008,canada,14656,CAN
2008,cayman islands,15333,CYM
2008,chile,13776,CHL
2008,colombia,14915,COL
2008,costa rica,14130,CRI
2008,croatia,25152,HRV
2008,cuba,20108,CUB
2008,cyprus,19397,CYP
2008,czech republic,24907,CZE
2008,denmark,13849,DNK
2008,dominica,19266,DMA
2008,dominican republic,17836,DOM
2008,ecuador,11575,ECU
2008,egypt,22551,EGY
2008,el salvador,9169,SLV
2008,estonia,27208,EST
2008,fiji,16960,FJI
2008,finland,20656,FIN
2008,france,13771,FRA
2008,french guiana,10271,GUF
2008,germany,21122,DEU
2008,grenada,18728,GRD
2008,guadeloupe,13654,GLP
2008,guatemala,7688,GTM
2008,guyana,18478,GUY
2008,honduras,9228,HND
2008,hong kong sar,13644,HKG
2008,hungary,24898,HUN
2008,iceland,17765,ISL
2008,iraq,20297,IRQ
2008,ireland,17606,IRL
2008,israel,13070,ISR
2008,italy,19398,ITA
2008,japan,14660,JPN
2008,jordan,18039,JOR
2008,kuwait,21864,KWT
2008,kyrgyzstan,24421,KGZ
2008,latvia,26612,LVA
2008,lithuania,26947,LTU
2008,luxembourg,19030,LUX
2008,malaysia,13372,MYS
2008,maldives,18480,MDV
2008,malta,19626,MLT
2008,martinique,13893,MTQ
2008,mauritius,17481,MUS
2008,mexico,11713,MEX
2008,montenegro,26962,MNE
2008,montserrat,20000,MSR
2008,morocco,10048,MAR
2008,netherlands,14847,NLD
2008,new zealand,17967,NZL
2008,nicaragua,12827,NIC
2008,north macedonia,28666,MKD
2008,norway,16941,NOR
2008,occupied palestinian territory,20420,PSE
2008,panama,13691,PAN
2008,paraguay,13246,PRY
2008,peru,8499,PER
2008,philippines,16569,PHL
2008,poland,22791,POL
2008,portugal,16136,PRT
2008,puerto rico,13065,PRI
2008,qatar,7161,QAT
2008,republic of korea,11267,PRK
2008,republic of moldova,27975,MDA
2008,reunion,13538,REU
2008,rodrigues,17961,MU-RO
2008,romania,30240,ROU
2008,saint kitts and nevis,16844,KNA
2008,saint lucia,15963,LCA
2008,saint pierre and miquelon,8823,SPM
2008,saint vincent and grenadines,21393,VCT
2008,serbia,27914,SRB
2008,slovakia,26780,SVK
2008,slovenia,19731,SVL
2008,south africa,6962,ZAF
2008,spain,15892,ESP
2008,suriname,13761,SUR
2008,sweden,20463,SWE
2008,switzerland,18226,CHE
2008,thailand,4453,THA
2008,trinidad and tobago,16314,TTO
2008,turks and caicos islands,20909,TCA
2008,united kingdom,16461,GBR
2008,"united kingdom, england and wales",16525,GBR
2008,"united kingdom, northern ireland",15938,GBR
2008,"united kingdom, scotland",16022,GBR
2008,united states of america,16353,USA
2008,uruguay,15295,URY
2008,venezuela,14993,VEN
2008,virgin islands (usa),20870,VIR
2009,anguilla,16428,AIA
2009,antigua and barbuda,17607,ATG
2009,argentina,14780,ARG
2009,armenia,24537,ARM
2009,aruba,15196,ABW
2009,australia,16404,AUS
2009,austria,21467,AUT
2009,bahamas,16872,BHS
2009,bahrain,12819,BHR
2009,barbados,15192,BRB
2009,belgium,15700,BEL
2009,belize,11734,BLZ
2009,bermuda,15068,BMU
2009,brazil,14508,BRA
2009,british virgin islands,13302,VGB
2009,bulgaria,32991,BGR
2009,canada,14408,CAN
2009,cayman islands,14625,CYM
2009,chile,13502,CHL
2009,colombia,14570,COL
2009,costa rica,14433,CRI
2009,croatia,24779,HRV
2009,cuba,19805,CUB
2009,cyprus,18824,CYP
2009,czech republic,25181,CZE
2009,denmark,13412,DNK
2009,dominica,17978,DMA
2009,dominican republic,17834,DOM
2009,ecuador,10922,ECU
2009,egypt,22849,EGY
2009,el salvador,9036,SLV
2009,estonia,27318,EST
2009,fiji,20260,FJI
2009,finland,20400,FIN
2009,france,13481,FRA
2009,french guiana,9686,GUF
2009,georgia,27587,GEO
2009,germany,20856,DEU
2009,grenada,17131,GRD
2009,guadeloupe,14082,GLP
2009,guatemala,6642,GTM
2009,guyana,19958,GUY
2009,honduras,9038,HND
2009,hong kong sar,12907,HKG
2009,hungary,24890,HUN
2009,iceland,18206,ISL
2009,ireland,16769,IRL
2009,israel,12865,ISR
2009,italy,19103,ITA
2009,jamaica,14620,JAM
2009,japan,14438,JPN
2009,jordan,17957,JOR
2009,kuwait,20539,KWT
2009,kyrgyzstan,24477,KGZ
2009,latvia,26853,LVA
2009,lithuania,27707,LTU
2009,luxembourg,18413,LUX
2009,malaysia,13778,MYS
2009,malta,19397,MLT
2009,martinique,12762,MTQ
2009,mauritius,16868,MUS
2009,mexico,11676,MEX
2009,montenegro,27429,MNE
2009,montserrat,23863,MSR
2009,morocco,10552,MAR
2009,netherlands,14488,NLD
2009,new zealand,17761,NZL
2009,nicaragua,12734,NIC
2009,north macedonia,28934,MKD
2009,norway,16313,NOR
2009,occupied palestinian territory,21661,PSE
2009,panama,14682,PAN
2009,paraguay,14075,PRY
2009,peru,8573,PER
2009,philippines,17304,PHL
2009,poland,23115,POL
2009,portugal,15944,PRT
2009,puerto rico,12906,PRI
2009,qatar,6815,QAT
2009,republic of korea,10983,PRK
2009,republic of moldova,28058,MDA
2009,reunion,14400,REU
2009,rodrigues,20675,MU-RO
2009,romania,30041,ROU
2009,saint kitts and nevis,14830,KNA
2009,saint lucia,16889,LCA
2009,saint pierre and miquelon,14285,SPM
2009,saint vincent and grenadines,19948,VCT
2009,saudi arabia,8619,SAU
2009,serbia,27380,SRB
2009,slovakia,26693,SVK
2009,slovenia,19818,SVL
2009,south africa,7369,ZAF
2009,spain,15594,ESP
2009,sri lanka,12282,LKA
2009,suriname,14214,SUR
2009,sweden,20040,SWE
2009,switzerland,17782,CHE
2009,thailand,4448,THA
2009,trinidad and tobago,16548,TTO
2009,tunisia,14423,TUN
2009,turkey,19921,TUR
2009,turks and caicos islands,11842,TCA
2009,united kingdom,16176,GBR
2009,"united kingdom, england and wales",16260,GBR
2009,"united kingdom, northern ireland",15558,GBR
2009,"united kingdom, scotland",15568,GBR
2009,united states of america,16098,USA
2009,uruguay,14822,URY
2009,uzbekistan,29651,UZB
2009,venezuela,14883,VEN
2009,virgin islands (usa),17717,VIR
2010,anguilla,17692,AIA
2010,argentina,15254,ARG
2010,armenia,24456,ARM
2010,aruba,16080,ABW
2010,australia,15863,AUS
2010,austria,21500,AUT
2010,bahamas,17053,BHS
2010,bahrain,16597,BHR
2010,barbados,14547,BRB
2010,belgium,15306,BEL
2010,belize,10468,BLZ
2010,bermuda,13369,BMU
2010,brazil,14352,BRA
2010,british virgin islands,11538,VGB
2010,bulgaria,33763,BGR
2010,canada,14099,CAN
2010,cayman islands,14238,CYM
2010,chile,13866,CHL
2010,colombia,14810,COL
2010,costa rica,14743,CRI
2010,croatia,24599,HRV
2010,cuba,20167,CUB
2010,cyprus,18920,CYP
2010,czech republic,25078,CZE
2010,denmark,13324,DNK
2010,dominica,15619,DMA
2010,dominican republic,17991,DOM
2010,ecuador,10996,ECU
2010,egypt,22597,EGY
2010,el salvador,9266,SLV
2010,estonia,27723,EST
2010,finland,20219,FIN
2010,france,13215,FRA
2010,french guiana,9403,GUF
2010,georgia,15069,GEO
2010,germany,20534,DEU
2010,grenada,17572,GRD
2010,guadeloupe,12922,GLP
2010,guatemala,7055,GTM
2010,guyana,18267,GUY
2010,honduras,9400,HND
2010,hong kong sar,12681,HKG
2010,hungary,25226,HUN
2010,iceland,17929,ISL
2010,ireland,16940,IRL
2010,israel,12865,ISR
2010,italy,18954,ITA
2010,jamaica,16285,JAM
2010,japan,14280,JPN
2010,jordan,18021,JOR
2010,kuwait,21016,KWT
2010,kyrgyzstan,24386,KGZ
2010,latvia,27060,LVA
2010,lithuania,28047,LTU
2010,luxembourg,16956,LUX
2010,malaysia,13749,MYS
2010,maldives,21156,MDV
2010,malta,19119,MLT
2010,martinique,12859,MTQ
2010,mauritius,16111,MUS
2010,mexico,11916,MEX
2010,montserrat,21250,MSR
2010,morocco,9597,MAR
2010,netherlands,14335,NLD
2010,new zealand,17758,NZL
2010,nicaragua,13049,NIC
2010,north macedonia,28951,MKD
2010,norway,15839,NOR
2010,occupied palestinian territory,20362,PSE
2010,oman,9992,OMN
2010,panama,13925,PAN
2010,paraguay,14069,PRY
2010,peru,8729,PER
2010,philippines,17561,PHL
2010,poland,22987,POL
2010,portugal,15897,PRT
2010,puerto rico,12614,PRI
2010,qatar,7335,QAT
2010,republic of korea,10986,PRK
2010,republic of moldova,28090,MDA
2010,reunion,14483,REU
2010,rodrigues,18958,MU-RO
2010,romania,30101,ROU
2010,saint kitts and nevis,16860,KNA
2010,saint lucia,17781,LCA
2010,saint pierre and miquelon,11538,SPM
2010,saint vincent and grenadines,18286,VCT
2010,serbia,27345,SRB
2010,slovakia,26698,SVK
2010,slovenia,19697,SVL
2010,south africa,7601,ZAF
2010,spain,15590,ESP
2010,sri lanka,12506,LKA
2010,suriname,14390,SUR
2010,sweden,19854,SWE
2010,switzerland,17525,CHE
2010,syrian arab republic,25199,SYR
2010,thailand,4796,THA
2010,trinidad and tobago,16293,TTO
2010,turkey,19815,TUR
2010,united kingdom,15944,GBR
2010,"united kingdom, england and wales",16028,GBR
2010,"united kingdom, northern ireland",15480,GBR
2010,"united kingdom, scotland",15302,GBR
2010,united states of america,15888,USA
2010,uruguay,14799,URY
2010,uzbekistan,30568,UZB
2010,venezuela,15317,VEN
2010,virgin islands (usa),16809,VIR
2011,anguilla,18032,AIA
2011,argentina,15128,ARG
2011,armenia,23808,ARM
2011,aruba,16428,ABW
2011,australia,15529,AUS
2011,austria,21165,AUT
2011,bahamas,16698,BHS
2011,bahrain,16165,BHR
2011,barbados,14564,BRB
2011,belgium,14865,BEL
2011,belize,10900,BLZ
2011,bermuda,18393,BMU
2011,bosnia and herzegovina,26258,BIH
2011,brazil,14319,BRA
2011,brunei darussalam,13319,BRN
2011,bulgaria,33522,BGR
2011,canada,13668,CAN
2011,cape verde,12990,CPV
2011,chile,13551,CHL
2011,colombia,15032,COL
2011,costa rica,14736,CRI
2011,croatia,24344,HRV
2011,cuba,19328,CUB
2011,cyprus,19445,CYP
2011,czech republic,24672,CZE
2011,denmark,12539,DNK
2011,dominica,15091,DMA
2011,dominican republic,17398,DOM
2011,ecuador,10960,ECU
2011,egypt,22187,EGY
2011,el salvador,9415,SLV
2011,estonia,26831,EST
2011,fiji,17454,FJI
2011,finland,20018,FIN
2011,france,12921,FRA
2011,french guiana,9163,GUF
2011,georgia,17946,GEO
2011,germany,20076,DEU
2011,grenada,16562,GRD
2011,guadeloupe,13051,GLP
2011,guatemala,7712,GTM
2011,guyana,18076,GUY
2011,honduras,9158,HND
2011,hong kong sar,12261,HKG
2011,hungary,24942,HUN
2011,iceland,17328,ISL
2011,ireland,16228,IRL
2011,israel,12850,ISR
2011,italy,18775,ITA
2011,jamaica,15059,JAM
2011,japan,13919,JPN
2011,jordan,18825,JOR
2011,kuwait,20818,KWT
2011,kyrgyzstan,25028,KGZ
2011,latvia,27448,LVA
2011,lithuania,28128,LTU
2011,luxembourg,16966,LUX
2011,malaysia,14043,MYS
2011,maldives,19881,MDV
2011,malta,22390,MLT
2011,martinique,12838,MTQ
2011,mauritius,15556,MUS
2011,mayotte,12500,MYT
2011,mexico,11895,MEX
2011,montserrat,14545,MSR
2011,morocco,10269,MAR
2011,netherlands,14045,NLD
2011,new zealand,17400,NZL
2011,nicaragua,13110,NIC
2011,north macedonia,29606,MKD
2011,norway,15690,NOR
2011,occupied palestinian territory,18046,PSE
2011,panama,14403,PAN
2011,paraguay,13934,PRY
2011,peru,8914,PER
2011,philippines,17791,PHL
2011,poland,22619,POL
2011,portugal,15343,PRT
2011,puerto rico,12566,PRI
2011,qatar,6131,QAT
2011,republic of korea,11048,PRK
2011,republic of moldova,28724,MDA
2011,reunion,13832,REU
2011,rodrigues,18264,MU-RO
2011,romania,30134,ROU
2011,saint kitts and nevis,16310,KNA
2011,saint lucia,13880,LCA
2011,saint vincent and grenadines,18965,VCT
2011,serbia,26965,SRB
2011,slovenia,19284,SVL
2011,south africa,8093,ZAF
2011,spain,15251,ESP
2011,sri lanka,12524,LKA
2011,suriname,13499,SUR
2011,sweden,19398,SWE
2011,switzerland,16882,CHE
2011,thailand,5321,THA
2011,trinidad and tobago,16152,TTO
2011,turkey,19400,TUR
2011,united kingdom,14449,GBR
2011,"united kingdom, england and wales",14424,GBR
2011,"united kingdom, northern ireland",13908,GBR
2011,"united kingdom, scotland",14827,GBR
2011,united states of america,15573,USA
2011,uzbekistan,30807,UZB
2011,venezuela,15549,VEN
2011,virgin islands (usa),14627,VIR
2012,anguilla,13235,AIA
2012,antigua and barbuda,17241,ATG
2012,argentina,14988,ARG
2012,armenia,24148,ARM
2012,aruba,15579,ABW
2012,australia,14968,AUS
2012,austria,21357,AUT
2012,bahamas,15429,BHS
2012,bahrain,15748,BHR
2012,barbados,14595,BRB
2012,belgium,14419,BEL
2012,belize,11295,BLZ
2012,bermuda,17924,BMU
2012,brazil,14108,BRA
2012,brunei darussalam,11348,BRN
2012,bulgaria,32779,BGR
2012,canada,13575,CAN
2012,cape verde,12500,CPV
2012,chile,13766,CHL
2012,colombia,15277,COL
2012,costa rica,15140,CRI
2012,croatia,24161,HRV
2012,cuba,19127,CUB
2012,cyprus,18354,CYP
2012,czech republic,24515,CZE
2012,denmark,12589,DNK
2012,dominica,19336,DMA
2012,dominican republic,16808,DOM
2012,ecuador,11326,ECU
2012,egypt,23224,EGY
2012,el salvador,8821,SLV
2012,estonia,26946,EST
2012,fiji,16730,FJI
2012,finland,19646,FIN
2012,france,12654,FRA
2012,french guiana,9010,GUF
2012,georgia,20265,GEO
2012,germany,20079,DEU
2012,grenada,16413,GRD
2012,guadeloupe,12152,GLP
2012,guatemala,8059,GTM
2012,guyana,18484,GUY
2012,honduras,8946,HND
2012,hong kong sar,11815,HKG
2012,hungary,24790,HUN
2012,iceland,16777,ISL
2012,ireland,16240,IRL
2012,israel,12127,ISR
2012,italy,18757,ITA
2012,jamaica,16717,JAM
2012,japan,13965,JPN
2012,jordan,18328,JOR
2012,kuwait,19915,KWT
2012,kyrgyzstan,25659,KGZ
2012,latvia,28075,LVA
2012,lithuania,28298,LTU
2012,luxembourg,16259,LUX
2012,malaysia,13907,MYS
2012,maldives,19349,MDV
2012,malta,23333,MLT
2012,mauritius,15676,MUS
2012,mayotte,9381,MYT
2012,mexico,12018,MEX
2012,montserrat,14772,MSR
2012,morocco,9542,MAR
2012,netherlands,13624,NLD
2012,new zealand,17107,NZL
2012,nicaragua,13142,NIC
2012,north macedonia,29616,MKD
2012,norway,15520,NOR
2012,occupied palestinian territory,21721,PSE
2012,panama,13449,PAN
2012,paraguay,13600,PRY
2012,peru,8861,PER
2012,poland,23074,POL
2012,portugal,15216,PRT
2012,puerto rico,12100,PRI
2012,qatar,6105,QAT
2012,republic of korea,11032,PRK
2012,republic of moldova,28863,MDA
2012,reunion,12906,REU
2012,rodrigues,16458,MU-RO
2012,romania,30009,ROU
2012,saint kitts and nevis,16715,KNA
2012,saint lucia,15812,LCA
2012,saint vincent and grenadines,17520,VCT
2012,saudi arabia,9001,SAU
2012,serbia,26841,SRB
2012,singapore,15495,SGP
2012,slovakia,22497,SVK
2012,slovenia,19403,SVL
2012,south africa,8227,ZAF
2012,spain,15150,ESP
2012,sri lanka,12447,LKA
2012,suriname,14316,SUR
2012,sweden,18996,SWE
2012,switzerland,16887,CHE
2012,thailand,5582,THA
2012,trinidad and tobago,16966,TTO
2012,turkey,18965,TUR
2012,turks and caicos islands,26595,TCA
2012,united kingdom,14170,GBR
2012,"united kingdom, england and wales",14156,GBR
2012,"united kingdom, northern ireland",13557,GBR
2012,"united kingdom, scotland",14461,GBR
2012,united states of america,15480,USA
2012,uruguay,14053,URY
2012,uzbekistan,30820,UZB
2012,venezuela,15137,VEN
2012,virgin islands (usa),14453,VIR
2013,anguilla,17948,AIA
2013,antigua and barbuda,17834,ATG
2013,argentina,14431,ARG
2013,armenia,23827,ARM
2013,aruba,15706,ABW
2013,australia,14766,AUS
2013,austria,21440,AUT
2013,bahamas,15060,BHS
2013,bahrain,16329,BHR
2013,barbados,14965,BRB
2013,belgium,14320,BEL
2013,belize,10397,BLZ
2013,bermuda,17124,BMU
2013,brazil,14029,BRA
2013,brunei darussalam,12535,BRN
2013,bulgaria,32541,BGR
2013,canada,13559,CAN
2013,cayman islands,15000,CYM
2013,chile,13861,CHL
2013,colombia,15394,COL
2013,costa rica,14337,CRI
2013,croatia,24046,HRV
2013,cuba,18895,CUB
2013,cyprus,17289,CYP
2013,czech republic,23695,CZE
2013,denmark,12125,DNK
2013,dominica,18093,DMA
2013,dominican republic,15828,DOM
2013,ecuador,11465,ECU
2013,egypt,21371,EGY
2013,el salvador,8156,SLV
2013,estonia,26970,EST
2013,finland,19089,FIN
2013,france,12489,FRA
2013,french guiana,8727,GUF
2013,georgia,19250,GEO
2013,germany,19830,DEU
2013,grenada,17439,GRD
2013,guadeloupe,12066,GLP
2013,guatemala,7967,GTM
2013,guyana,17711,GUY
2013,honduras,8823,HND
2013,hong kong sar,11269,HKG
2013,hungary,24838,HUN
2013,iceland,16427,ISL
2013,iran (islamic republic of),21923,IRN
2013,ireland,16053,IRL
2013,israel,12097,ISR
2013,italy,18535,ITA
2013,jamaica,17361,JAM
2013,japan,13625,JPN
2013,kazakhstan,15296,KAZ
2013,kuwait,21078,KWT
2013,kyrgyzstan,25270,KGZ
2013,latvia,28511,LVA
2013,lithuania,28138,LTU
2013,luxembourg,15976,LUX
2013,malaysia,13508,MYS
2013,maldives,19368,MDV
2013,malta,20055,MLT
2013,martinique,12068,MTQ
2013,mauritius,15480,MUS
2013,mayotte,10386,MYT
2013,mexico,12166,MEX
2013,montserrat,20000,MSR
2013,morocco,8879,MAR
2013,netherlands,13615,NLD
2013,new zealand,16476,NZL
2013,nicaragua,13432,NIC
2013,north macedonia,28896,MKD
2013,norway,14674,NOR
2013,occupied palestinian territory,22190,PSE
2013,panama,14076,PAN
2013,paraguay,13272,PRY
2013,peru,9008,PER
2013,poland,22905,POL
2013,portugal,14749,PRT
2013,puerto rico,12359,PRI
2013,qatar,6422,QAT
2013,republic of korea,10737,PRK
2013,republic of moldova,29072,MDA
2013,reunion,12344,REU
2013,rodrigues,20095,MU-RO
2013,romania,29759,ROU
2013,saint kitts and nevis,16288,KNA
2013,saint lucia,18115,LCA
2013,saint vincent and grenadines,17508,VCT
2013,serbia,26603,SRB
2013,singapore,15137,SGP
2013,slovakia,23162,SVK
2013,slovenia,19338,SVL
2013,south africa,8331,ZAF
2013,spain,15045,ESP
2013,sri lanka,12499,LKA
2013,suriname,13790,SUR
2013,sweden,18545,SWE
2013,switzerland,16557,CHE
2013,thailand,6380,THA
2013,tunisia,13061,TUN
2013,turkey,19888,TUR
2013,turks and caicos islands,16161,TCA
2013,united kingdom,13860,GBR
2013,"united kingdom, england and wales",13843,GBR
2013,"united kingdom, northern ireland",13084,GBR
2013,"united kingdom, scotland",14229,GBR
2013,united states of america,15420,USA
2013,uruguay,13710,URY
2013,uzbekistan,30472,UZB
2013,venezuela,15080,VEN
2014,anguilla,16949,AIA
2014,antigua and barbuda,18189,ATG
2014,argentina,14159,ARG
2014,armenia,23935,ARM
2014,aruba,15887,ABW
2014,australia,14672,AUS
2014,austria,21172,AUT
2014,bahamas,15886,BHS
2014,bahrain,16048,BHR
2014,belgium,14301,BEL
2014,belize,11594,BLZ
2014,bermuda,19214,BMU
2014,bosnia and herzegovina,24883,BIH
2014,brazil,13869,BRA
2014,brunei darussalam,13877,BRN
2014,bulgaria,32931,BGR
2014,canada,13442,CAN
2014,chile,13762,CHL
2014,colombia,15734,COL
2014,costa rica,14706,CRI
2014,croatia,23714,HRV
2014,cuba,18907,CUB
2014,cyprus,17467,CYP
2014,czech republic,23009,CZE
2014,denmark,11873,DNK
2014,dominica,21579,DMA
2014,ecuador,11539,ECU
2014,egypt,23879,EGY
2014,el salvador,7750,SLV
2014,estonia,26664,EST
2014,finland,18740,FIN
2014,france,12503,FRA
2014,french guiana,9230,GUF
2014,georgia,21002,GEO
2014,germany,19465,DEU
2014,greece,19846,GRC
2014,grenada,18360,GRD
2014,guadeloupe,11878,GLP
2014,guatemala,8266,GTM
2014,guyana,17928,GUY
2014,hong kong sar,11427,HKG
2014,hungary,24854,HUN
2014,iceland,16455,ISL
2014,iran (islamic republic of),21130,IRN
2014,ireland,15130,IRL
2014,israel,11961,ISR
2014,italy,18390,ITA
2014,jamaica,17751,JAM
2014,japan,13423,JPN
2014,kazakhstan,13587,KAZ
2014,kuwait,18844,KWT
2014,kyrgyzstan,25187,KGZ
2014,latvia,28493,LVA
2014,lithuania,27977,LTU
2014,luxembourg,15695,LUX
2014,malaysia,13564,MYS
2014,maldives,21089,MDV
2014,malta,18822,MLT
2014,martinique,12341,MTQ
2014,mauritius,15877,MUS
2014,mayotte,11139,MYT
2014,mexico,12503,MEX
2014,montserrat,17187,MSR
2014,morocco,11023,MAR
2014,netherlands,13597,NLD
2014,new zealand,16623,NZL
2014,nicaragua,14176,NIC
2014,norway,14520,NOR
2014,occupied palestinian territory,20430,PSE
2014,oman,11676,OMN
2014,panama,13950,PAN
2014,paraguay,12565,PRY
2014,peru,9299,PER
2014,philippines,17481,PHL
2014,poland,22543,POL
2014,portugal,15342,PRT
2014,puerto rico,12168,PRI
2014,qatar,7861,QAT
2014,republic of korea,10798,PRK
2014,republic of moldova,28928,MDA
2014,reunion,11703,REU
2014,rodrigues,18442,MU-RO
2014,romania,29246,ROU
2014,saint kitts and nevis,16504,KNA
2014,saint lucia,15821,LCA
2014,saint vincent and grenadines,19447,VCT
2014,serbia,26663,SRB
2014,singapore,15364,SGP
2014,slovakia,22289,SVK
2014,slovenia,20528,SVL
2014,south africa,8630,ZAF
2014,spain,14828,ESP
2014,sri lanka,12774,LKA
2014,suriname,14698,SUR
2014,sweden,18272,SWE
2014,switzerland,16418,CHE
2014,thailand,6734,THA
2014,turkey,20025,TUR
2014,turks and caicos islands,18831,TCA
2014,united kingdom,13557,GBR
2014,"united kingdom, england and wales",13552,GBR
2014,"united kingdom, northern ireland",12668,GBR
2014,"united kingdom, scotland",13842,GBR
2014,united states of america,15377,USA
2014,uruguay,13481,URY
2014,uzbekistan,30333,UZB
2014,venezuela,15580,VEN
2015,anguilla,19230,AIA
2015,antigua and barbuda,17045,ATG
2015,argentina,14434,ARG
2015,armenia,22987,ARM
2015,aruba,16233,ABW
2015,australia,14348,AUS
2015,austria,21389,AUT
2015,belgium,14176,BEL
2015,belize,11202,BLZ
2015,bermuda,18240,BMU
2015,brazil,13827,BRA
2015,brunei darussalam,11764,BRN
2015,bulgaria,32704,BGR
2015,canada,13310,CAN
2015,chile,13704,CHL
2015,colombia,15915,COL
2015,costa rica,13745,CRI
2015,croatia,23700,HRV
2015,cuba,18633,CUB
2015,cyprus,17393,CYP
2015,czech republic,22923,CZE
2015,denmark,11971,DNK
2015,dominica,16641,DMA
2015,ecuador,11673,ECU
2015,egypt,23483,EGY
2015,el salvador,10783,SLV
2015,estonia,26126,EST
2015,finland,18579,FIN
2015,france,12244,FRA
2015,french guiana,10396,GUF
2015,georgia,21304,GEO
2015,germany,19272,DEU
2015,greece,19101,GRC
2015,grenada,15592,GRD
2015,guadeloupe,10942,GLP
2015,guatemala,7958,GTM
2015,hong kong sar,10805,HKG
2015,hungary,24865,HUN
2015,iceland,17071,ISL
2015,iran (islamic republic of),20735,IRN
2015,iraq,19028,IRQ
2015,ireland,15552,IRL
2015,israel,11747,ISR
2015,italy,18536,ITA
2015,japan,13138,JPN
2015,jordan,19598,JOR
2015,kazakhstan,12970,KAZ
2015,kuwait,18916,KWT
2015,kyrgyzstan,25418,KGZ
2015,latvia,28623,LVA
2015,lithuania,28232,LTU
2015,luxembourg,15134,LUX
2015,maldives,20042,MDV
2015,malta,19372,MLT
2015,martinique,12258,MTQ
2015,mauritius,16764,MUS
2015,mayotte,12598,MYT
2015,mexico,12719,MEX
2015,montserrat,18367,MSR
2015,morocco,10760,MAR
2015,netherlands,13355,NLD
2015,new zealand,16129,NZL
2015,nicaragua,13967,NIC
2015,norway,14271,NOR
2015,occupied palestinian territory,20287,PSE
2015,panama,14231,PAN
2015,paraguay,12567,PRY
2015,peru,9022,PER
2015,poland,22832,POL
2015,portugal,14892,PRT
2015,puerto rico,12357,PRI
2015,qatar,8169,QAT
2015,republic of korea,10790,PRK
2015,republic of moldova,28864,MDA
2015,reunion,11895,REU
2015,rodrigues,17729,MU-RO
2015,romania,29451,ROU
2015,saint kitts and nevis,18059,KNA
2015,saint lucia,15820,LCA
2015,saint vincent and grenadines,16097,VCT
2015,serbia,26223,SRB
2015,singapore,15214,SGP
2015,slovenia,20122,SVL
2015,south africa,8884,ZAF
2015,spain,14695,ESP
2015,sweden,17581,SWE
2015,switzerland,15969,CHE
2015,thailand,6936,THA
2015,turkey,20049,TUR
2015,turks and caicos islands,20526,TCA
2015,united kingdom,13119,GBR
2015,"united kingdom, england and wales",13086,GBR
2015,"united kingdom, northern ireland",12133,GBR
2015,"united kingdom, scotland",13690,GBR
2015,united states of america,15419,USA
2015,uruguay,14065,URY
2015,uzbekistan,29581,UZB
2015,virgin islands (usa),16412,VIR
2016,anguilla,16483,AIA
2016,antigua and barbuda,16789,ATG
2016,argentina,14444,ARG
2016,armenia,24038,ARM
2016,aruba,14005,ABW
2016,australia,13938,AUS
2016,austria,20607,AUT
2016,belgium,13848,BEL
2016,belize,11126,BLZ
2016,bermuda,16700,BMU
2016,bosnia and herzegovina,25877,BIH
2016,brazil,13821,BRA
2016,brunei darussalam,12898,BRN
2016,bulgaria,32747,BGR
2016,canada,13087,CAN
2016,chile,13529,CHL
2016,colombia,15828,COL
2016,costa rica,13007,CRI
2016,croatia,22496,HRV
2016,cuba,18579,CUB
2016,cyprus,16574,CYP
2016,czech republic,22093,CZE
2016,denmark,12088,DNK
2016,ecuador,12312,ECU
2016,egypt,23318,EGY
2016,estonia,25914,EST
2016,finland,18277,FIN
2016,france,12121,FRA
2016,french guiana,10765,GUF
2016,georgia,17713,GEO
2016,germany,18590,DEU
2016,greece,18565,GRC
2016,grenada,17463,GRD
2016,guadeloupe,11791,GLP
2016,guatemala,7853,GTM
2016,hong kong sar,10770,HKG
2016,hungary,24732,HUN
2016,iceland,15974,ISL
2016,iran (islamic republic of),20841,IRN
2016,iraq,19587,IRQ
2016,israel,11724,ISR
2016,italy,17951,ITA
2016,japan,12992,JPN
2016,kuwait,20692,KWT
2016,kyrgyzstan,25401,KGZ
2016,latvia,28089,LVA
2016,libyan arab jamahiriya,11186,LBY
2016,lithuania,28101,LTU
2016,luxembourg,15940,LUX
2016,maldives,18690,MDV
2016,malta,18037,MLT
2016,martinique,12435,MTQ
2016,mauritius,17590,MUS
2016,mayotte,11157,MYT
2016,mexico,12745,MEX
2016,mongolia,16666,MNG
2016,montserrat,24418,MSR
2016,morocco,10415,MAR
2016,netherlands,12969,NLD
2016,new zealand,15617,NZL
2016,nicaragua,14044,NIC
2016,norway,13464,NOR
2016,occupied palestinian territory,21673,PSE
2016,oman,13555,OMN
2016,panama,14585,PAN
2016,paraguay,13131,PRY
2016,peru,8333,PER
2016,poland,21645,POL
2016,portugal,14781,PRT
2016,puerto rico,12308,PRI
2016,qatar,16357,QAT
2016,republic of korea,10751,PRK
2016,republic of moldova,28484,MDA
2016,reunion,12452,REU
2016,rodrigues,22834,MU-RO
2016,romania,28779,ROU
2016,saint kitts and nevis,16583,KNA
2016,saint vincent and grenadines,17334,VCT
2016,serbia,25835,SRB
2016,singapore,15196,SGP
2016,slovenia,19833,SVL
2016,spain,14585,ESP
2016,sweden,17357,SWE
2016,switzerland,15941,CHE
2016,tajikistan,23654,TJK
2016,thailand,7429,THA
2016,turkey,19762,TUR
2016,united kingdom,12766,GBR
2016,"united kingdom, england and wales",12734,GBR
2016,"united kingdom, northern ireland",11759,GBR
2016,"united kingdom, scotland",13336,GBR
2016,united states of america,15316,USA
2016,uruguay,13669,URY
2016,uzbekistan,29950,UZB
2016,virgin islands (usa),15664,VIR
2017,anguilla,14534,AIA
2017,antigua and barbuda,17850,ATG
2017,argentina,14226,ARG
2017,armenia,27843,ARM
2017,australia,13583,AUS
2017,austria,19890,AUT
2017,bermuda,16056,BMU
2017,brazil,13668,BRA
2017,brunei darussalam,14475,BRN
2017,bulgaria,32787,BGR
2017,canada,13010,CAN
2017,chile,13436,CHL
2017,colombia,15919,COL
2017,costa rica,12927,CRI
2017,croatia,21975,HRV
2017,cuba,18963,CUB
2017,cyprus,16168,CYP
2017,czech republic,22139,CZE
2017,denmark,11673,DNK
2017,ecuador,12754,ECU
2017,egypt,24417,EGY
2017,estonia,25913,EST
2017,finland,17830,FIN
2017,georgia,20761,GEO
2017,germany,18477,DEU
2017,greece,18848,GRC
2017,grenada,16306,GRD
2017,guatemala,8011,GTM
2017,hong kong sar,10715,HKG
2017,hungary,24909,HUN
2017,iceland,15474,ISL
2017,israel,11421,ISR
2017,italy,17905,ITA
2017,japan,13091,JPN
2017,kazakhstan,12222,KAZ
2017,kuwait,20669,KWT
2017,latvia,27813,LVA
2017,lebanon,16944,LBN
2017,libyan arab jamahiriya,14471,LBY
2017,lithuania,28039,LTU
2017,luxembourg,15441,LUX
2017,maldives,19661,MDV
2017,malta,17474,MLT
2017,mauritius,16169,MUS
2017,mexico,12819,MEX
2017,montserrat,23076,MSR
2017,netherlands,12699,NLD
2017,nicaragua,13437,NIC
2017,oman,12112,OMN
2017,panama,14474,PAN
2017,paraguay,13562,PRY
2017,peru,8336,PER
2017,poland,20736,POL
2017,portugal,14686,PRT
2017,puerto rico,12288,PRI
2017,qatar,16292,QAT
2017,republic of korea,10728,PRK
2017,republic of moldova,29217,MDA
2017,rodrigues,15265,MU-RO
2017,romania,28680,ROU
2017,saint vincent and grenadines,17945,VCT
2017,serbia,25871,SRB
2017,singapore,15496,SGP
2017,slovenia,19513,SVL
2017,solomon islands,11961,SLB
2017,spain,14423,ESP
2017,sweden,16848,SWE
2017,switzerland,15709,CHE
2017,thailand,7377,THA
2017,"united kingdom, scotland",13055,GBR
2017,united states of america,15267,USA
2017,uruguay,13138,URY
2017,virgin islands (usa),16265,VIR
2018,anguilla,14000,AIA
2018,argentina,14224,ARG
2018,armenia,27587,ARM
2018,australia,13202,AUS
2018,austria,19460,AUT
2018,belarus,28360,BLR
2018,brazil,13584,BRA
2018,brunei darussalam,14330,BRN
2018,bulgaria,32501,BGR
2018,chile,13202,CHL
2018,cyprus,14958,CYP
2018,czech republic,21604,CZE
2018,denmark,10990,DNK
2018,egypt,25876,EGY
2018,estonia,25480,EST
2018,finland,17355,FIN
2018,georgia,23157,GEO
2018,germany,18079,DEU
2018,grenada,16510,GRD
2018,hungary,24684,HUN
2018,iceland,14545,ISL
2018,israel,10977,ISR
2018,japan,12936,JPN
2018,latvia,27616,LVA
2018,lebanon,16599,LBN
2018,lithuania,27697,LTU
2018,mauritius,17627,MUS
2018,montserrat,35135,MSR
2018,netherlands,12322,NLD
2018,nicaragua,13815,NIC
2018,poland,20272,POL
2018,portugal,14495,PRT
2018,republic of korea,10532,PRK
2018,republic of moldova,29036,MDA
2018,romania,28310,ROU
2018,slovenia,19187,SVL
2018,solomon islands,11696,SLB
2018,sweden,16418,SWE
2018,thailand,7290,THA
2018,"united kingdom, scotland",12668,GBR
2019,austria,19276,AUT
2019,brunei darussalam,14968,BRN
2019,costa rica,12833,CRI
2019,czech republic,21089,CZE
2019,egypt,26846,EGY
2019,estonia,25260,EST
2019,georgia,22983,GEO
2019,hungary,24539,HUN
2019,iceland,15425,ISL
2019,lebanon,15360,LBN
2019,lithuania,27299,LTU
2019,mauritius,15809,MUS
2019,republic of korea,10208,PRK
2019,singapore,15284,SGP
2019,slovenia,19154,SVL
2019,thailand,7529,THA
2019,turkey,18381,TUR
2019,united arab emirates,17546,ARE
2019,"united kingdom, scotland",12635,GBR
